Time,Open,High,Low,Close,Volume
2025-12-01T00:00:00,100.00000,100.11189,99.74464,99.92258,2661
2025-12-01T00:05:00,99.92258,99.93258,99.74756,99.76479,2023
2025-12-01T00:10:00,99.76479,99.82685,99.55109,99.71777,2156
2025-12-01T00:15:00,99.71777,99.90547,99.53196,99.77540,886
2025-12-01T00:20:00,99.77540,99.89128,99.72390,99.86429,2245
2025-12-01T00:25:00,99.86429,100.00593,99.75108,99.85584,2529
2025-12-01T00:30:00,99.85584,99.88121,99.70583,99.72974,2588
2025-12-01T00:35:00,99.72974,100.21907,99.72253,100.05815,1790
2025-12-01T00:40:00,100.05815,100.23957,99.96092,100.15635,2643
2025-12-01T00:45:00,100.15635,100.27147,100.07207,100.26803,2312
2025-12-01T00:50:00,100.26803,100.29566,100.19822,100.27213,1650
2025-12-01T00:55:00,100.27213,100.35442,100.08274,100.16586,2688
2025-12-01T01:00:00,100.16586,100.18174,99.84331,99.95627,1742
2025-12-01T01:05:00,99.95627,99.98142,99.73085,99.87550,1882
2025-12-01T01:10:00,99.87550,100.21413,99.80202,100.15239,1460
2025-12-01T01:15:00,100.15239,100.17226,100.03777,100.11370,1344
2025-12-01T01:20:00,100.11370,100.14597,99.73833,99.92343,1428
2025-12-01T01:25:00,99.92343,99.98431,99.70430,99.79635,1512
2025-12-01T01:30:00,99.79635,100.07294,99.65011,99.98303,2160
2025-12-01T01:35:00,99.98303,99.99798,99.95386,99.98323,1979
2025-12-01T01:40:00,99.98323,100.25107,99.90488,100.23476,2917
2025-12-01T01:45:00,100.23476,100.32552,100.16824,100.30804,2231
2025-12-01T01:50:00,100.30804,100.38512,100.16115,100.23679,1947
2025-12-01T01:55:00,100.23679,100.32462,100.04172,100.23277,3188
2025-12-01T02:00:00,100.23277,100.49322,100.20360,100.40351,2800
2025-12-01T02:05:00,100.40351,100.46156,100.12543,100.19416,1902
2025-12-01T02:10:00,100.19416,100.25208,100.08140,100.23877,1358
2025-12-01T02:15:00,100.23877,100.32347,99.88825,100.29050,2330
2025-12-01T02:20:00,100.29050,100.50874,100.19828,100.38270,2974
2025-12-01T02:25:00,100.38270,100.39912,100.29871,100.34358,2209
2025-12-01T02:30:00,100.34358,100.43405,100.28885,100.38667,2025
2025-12-01T02:35:00,100.38667,100.44227,100.15568,100.34764,2801
2025-12-01T02:40:00,100.34764,100.60180,100.28781,100.58963,1190
2025-12-01T02:45:00,100.58963,100.83943,100.49493,100.76306,1925
2025-12-01T02:50:00,100.76306,100.77903,100.56782,100.58159,2376
2025-12-01T02:55:00,100.58159,100.81566,100.42347,100.78163,2114
2025-12-01T03:00:00,100.78163,100.81043,100.38888,100.50741,1935
2025-12-01T03:05:00,100.50741,100.58063,100.48200,100.57351,1708
2025-12-01T03:10:00,100.57351,100.57412,100.13961,100.24791,1135
2025-12-01T03:15:00,100.24791,100.32335,100.24083,100.32049,1633
2025-12-01T03:20:00,100.32049,100.34504,100.21094,100.29120,2108
2025-12-01T03:25:00,100.29120,100.44515,100.09447,100.37636,1012
2025-12-01T03:30:00,100.37636,100.40860,100.21614,100.31260,1824
2025-12-01T03:35:00,100.31260,100.33574,100.06636,100.13443,2314
2025-12-01T03:40:00,100.13443,100.14942,99.94082,100.01627,1477
2025-12-01T03:45:00,100.01627,100.18768,99.99209,100.11050,2600
2025-12-01T03:50:00,100.11050,100.17288,99.83833,99.85558,2421
2025-12-01T03:55:00,99.85558,100.03254,99.82580,100.02877,2209
2025-12-01T04:00:00,100.02877,100.08021,99.81409,99.91657,2537
2025-12-01T04:05:00,99.91657,99.92139,99.80165,99.89859,2147
2025-12-01T04:10:00,99.89859,100.23141,99.89247,100.12413,2000
2025-12-01T04:15:00,100.12413,100.22121,99.79149,99.94049,2309
2025-12-01T04:20:00,99.94049,100.06843,99.86857,100.04163,2133
2025-12-01T04:25:00,100.04163,100.08187,99.96929,100.05587,2475
2025-12-01T04:30:00,100.05587,100.10480,99.86280,99.96552,1477
2025-12-01T04:35:00,99.96552,99.99586,99.84675,99.90941,2325
2025-12-01T04:40:00,99.90941,99.95191,99.89203,99.90380,2332
2025-12-01T04:45:00,99.90380,100.07874,99.52630,99.61753,1997
2025-12-01T04:50:00,99.61753,99.63038,99.60935,99.62849,2471
2025-12-01T04:55:00,99.62849,99.66469,99.39318,99.40632,2363
2025-12-01T05:00:00,99.40632,99.48669,99.19553,99.31131,2227
2025-12-01T05:05:00,99.31131,99.50205,99.30804,99.41488,1337
2025-12-01T05:10:00,99.41488,99.48757,99.15573,99.18459,1705
2025-12-01T05:15:00,99.18459,99.26921,99.00422,99.09912,1908
2025-12-01T05:20:00,99.09912,99.27072,99.01169,99.17002,2348
2025-12-01T05:25:00,99.17002,99.43299,99.10318,99.32050,1965
2025-12-01T05:30:00,99.32050,99.50024,99.23413,99.46948,1977
2025-12-01T05:35:00,99.46948,99.53428,99.38399,99.47923,2642
2025-12-01T05:40:00,99.47923,99.49066,99.33015,99.37028,1726
2025-12-01T05:45:00,99.37028,99.77788,99.31957,99.60943,2308
2025-12-01T05:50:00,99.60943,99.72610,99.45128,99.67377,1642
2025-12-01T05:55:00,99.67377,99.77327,99.63675,99.71336,2339
2025-12-01T06:00:00,99.71336,99.75047,99.57636,99.64502,2655
2025-12-01T06:05:00,99.64502,99.67933,99.62809,99.65428,2688
2025-12-01T06:10:00,99.65428,99.68481,99.63870,99.64074,2002
2025-12-01T06:15:00,99.64074,99.73259,99.50676,99.51298,2181
2025-12-01T06:20:00,99.51298,99.56773,99.46237,99.49164,2138
2025-12-01T06:25:00,99.49164,99.90379,99.42586,99.84748,2160
2025-12-01T06:30:00,99.84748,100.11228,99.70617,100.01230,1934
2025-12-01T06:35:00,100.01230,100.08220,99.94537,100.00678,2671
2025-12-01T06:40:00,100.00678,100.19862,99.86285,100.04447,2319
2025-12-01T06:45:00,100.04447,100.04478,99.94296,99.98813,1287
2025-12-01T06:50:00,99.98813,100.20293,99.97375,100.19251,1555
2025-12-01T06:55:00,100.19251,100.58315,100.14694,100.47878,2224
2025-12-01T07:00:00,100.47878,100.60093,100.42100,100.54622,2320
2025-12-01T07:05:00,100.54622,100.67659,100.43669,100.65489,1624
2025-12-01T07:10:00,100.65489,100.65495,100.54466,100.56203,1864
2025-12-01T07:15:00,100.56203,100.84368,100.45298,100.83976,2078
2025-12-01T07:20:00,100.83976,100.94848,100.81801,100.91590,2232
2025-12-01T07:25:00,100.91590,100.95906,100.78501,100.86796,1695
2025-12-01T07:30:00,100.86796,100.96809,100.79166,100.79797,2207
2025-12-01T07:35:00,100.79797,100.80518,100.57070,100.65713,2059
2025-12-01T07:40:00,100.65713,100.66370,100.31984,100.41178,2119
2025-12-01T07:45:00,100.41178,100.41370,100.26200,100.28010,2102
2025-12-01T07:50:00,100.28010,100.30964,100.08503,100.20300,2182
2025-12-01T07:55:00,100.20300,100.31812,99.94063,100.03998,1608
2025-12-01T08:00:00,100.03998,100.10122,100.02904,100.09481,1611
2025-12-01T08:05:00,100.09481,100.15970,99.72133,99.90218,2132
2025-12-01T08:10:00,99.90218,99.94128,99.72403,99.82817,2934
2025-12-01T08:15:00,99.82817,99.83027,99.55540,99.66290,1873
2025-12-01T08:20:00,99.66290,99.70163,99.64319,99.68954,1963
2025-12-01T08:25:00,99.68954,99.75614,99.48073,99.59628,2548
2025-12-01T08:30:00,99.59628,99.85010,99.56074,99.83683,2273
2025-12-01T08:35:00,99.83683,100.17544,99.80804,100.05295,1752
2025-12-01T08:40:00,100.05295,100.08796,99.87242,100.05049,1705
2025-12-01T08:45:00,100.05049,100.10553,99.82407,99.94499,2369
2025-12-01T08:50:00,99.94499,100.19458,99.88636,100.00845,2527
2025-12-01T08:55:00,100.00845,100.05869,99.88530,99.88796,2451
2025-12-01T09:00:00,99.88796,99.98614,99.73464,99.87168,1437
2025-12-01T09:05:00,99.87168,99.98898,99.82274,99.87966,2063
2025-12-01T09:10:00,99.87966,99.91999,99.64423,99.77972,1503
2025-12-01T09:15:00,99.77972,100.27569,99.68537,100.12223,872
2025-12-01T09:20:00,100.12223,100.40896,100.09762,100.30231,1370
2025-12-01T09:25:00,100.30231,100.37045,100.06722,100.08889,1586
2025-12-01T09:30:00,100.08889,100.27626,100.01036,100.22975,2302
2025-12-01T09:35:00,100.22975,100.24107,100.09823,100.17088,1037
2025-12-01T09:40:00,100.17088,100.31972,100.06773,100.24970,1233
2025-12-01T09:45:00,100.24970,100.30801,100.23468,100.26873,1607
2025-12-01T09:50:00,100.26873,100.34926,100.07411,100.13984,2251
2025-12-01T09:55:00,100.13984,100.23050,100.00553,100.10960,2560
2025-12-01T10:00:00,100.10960,100.39882,100.07854,100.33184,1683
2025-12-01T10:05:00,100.33184,100.39923,99.92506,100.06903,2020
2025-12-01T10:10:00,100.06903,100.25504,99.96563,99.98983,1910
2025-12-01T10:15:00,99.98983,100.32164,99.90371,100.32160,1102
2025-12-01T10:20:00,100.32160,100.33484,100.22734,100.24174,1784
2025-12-01T10:25:00,100.24174,100.28598,100.07514,100.13871,1308
2025-12-01T10:30:00,100.13871,100.18954,99.83843,100.04560,2480
2025-12-01T10:35:00,100.04560,100.12267,99.90217,100.11780,2511
2025-12-01T10:40:00,100.11780,100.15564,99.82987,99.93302,1895
2025-12-01T10:45:00,99.93302,100.22353,99.92012,100.17563,1722
2025-12-01T10:50:00,100.17563,100.33579,100.16415,100.32059,1604
2025-12-01T10:55:00,100.32059,100.48469,100.31317,100.47004,1149
2025-12-01T11:00:00,100.47004,100.52366,100.36834,100.46504,1393
2025-12-01T11:05:00,100.46504,100.47631,100.26798,100.27371,2379
2025-12-01T11:10:00,100.27371,100.34019,100.12532,100.30901,1329
2025-12-01T11:15:00,100.30901,100.35175,99.86472,99.97758,2151
2025-12-01T11:20:00,99.97758,100.09589,99.72846,100.05877,2023
2025-12-01T11:25:00,100.05877,100.37521,100.01725,100.20081,2019
2025-12-01T11:30:00,100.20081,100.29931,100.06496,100.19088,2018
2025-12-01T11:35:00,100.19088,100.42229,100.16633,100.41404,2628
2025-12-01T11:40:00,100.41404,100.46041,100.21199,100.26237,2903
2025-12-01T11:45:00,100.26237,100.37310,100.06197,100.13249,1600
2025-12-01T11:50:00,100.13249,100.22864,99.85418,99.97170,1557
2025-12-01T11:55:00,99.97170,100.10161,99.83170,99.93627,2643
2025-12-01T12:00:00,99.93627,100.25999,99.84029,100.19503,1971
2025-12-01T12:05:00,100.19503,100.31044,100.10608,100.15609,2541
2025-12-01T12:10:00,100.15609,100.15735,99.82012,99.83138,2371
2025-12-01T12:15:00,99.83138,99.89987,99.60626,99.68064,2756
2025-12-01T12:20:00,99.68064,99.78034,99.41061,99.43449,1906
2025-12-01T12:25:00,99.43449,99.44249,99.10808,99.11970,2326
2025-12-01T12:30:00,99.11970,99.28174,99.02149,99.26399,1288
2025-12-01T12:35:00,99.26399,99.38118,99.09612,99.26235,2396
2025-12-01T12:40:00,99.26235,99.42143,98.87924,98.91026,1827
2025-12-01T12:45:00,98.91026,98.95578,98.75759,98.88453,1333
2025-12-01T12:50:00,98.88453,99.06758,98.85756,98.99323,1309
2025-12-01T12:55:00,98.99323,99.20308,98.93767,99.17776,3369
2025-12-01T13:00:00,99.17776,99.42664,99.17653,99.38451,2431
2025-12-01T13:05:00,99.38451,99.66416,99.31437,99.61626,1992
2025-12-01T13:10:00,99.61626,99.73372,99.57120,99.69024,2404
2025-12-01T13:15:00,99.69024,99.73212,99.57488,99.59951,2612
2025-12-01T13:20:00,99.59951,99.70313,99.57647,99.66333,2221
2025-12-01T13:25:00,99.66333,99.69508,99.18631,99.23094,2460
2025-12-01T13:30:00,99.23094,99.29914,99.09821,99.10719,2249
2025-12-01T13:35:00,99.10719,99.34243,99.08293,99.22660,1576
2025-12-01T13:40:00,99.22660,99.29661,98.86908,98.98732,2499
2025-12-01T13:45:00,98.98732,99.11771,98.81571,98.87434,1267
2025-12-01T13:50:00,98.87434,98.90971,98.69947,98.87914,1809
2025-12-01T13:55:00,98.87914,98.96580,98.53882,98.58156,2279
2025-12-01T14:00:00,98.58156,98.66887,98.53690,98.60798,2324
2025-12-01T14:05:00,98.60798,98.65616,98.47320,98.54488,2275
2025-12-01T14:10:00,98.54488,98.56108,98.49073,98.51781,2467
2025-12-01T14:15:00,98.51781,98.53963,98.17405,98.41902,1908
2025-12-01T14:20:00,98.41902,98.75168,98.34755,98.51926,2689
2025-12-01T14:25:00,98.51926,98.64094,98.41803,98.49236,2475
2025-12-01T14:30:00,98.49236,98.49898,98.35574,98.46249,1817
2025-12-01T14:35:00,98.46249,98.53052,98.27640,98.28419,834
2025-12-01T14:40:00,98.28419,98.29580,98.07337,98.14631,1869
2025-12-01T14:45:00,98.14631,98.23813,98.11387,98.22226,1689
2025-12-01T14:50:00,98.22226,98.45582,98.00603,98.08368,1806
2025-12-01T14:55:00,98.08368,98.13942,97.96216,97.97979,1656
2025-12-01T15:00:00,97.97979,98.03757,97.69848,97.73709,2472
2025-12-01T15:05:00,97.73709,98.01333,97.70983,97.94958,2534
2025-12-01T15:10:00,97.94958,98.03729,97.84084,97.85598,1430
2025-12-01T15:15:00,97.85598,97.91741,97.77075,97.87176,1970
2025-12-01T15:20:00,97.87176,98.07987,97.76528,98.06708,1347
2025-12-01T15:25:00,98.06708,98.19140,97.98763,98.17171,3050
2025-12-01T15:30:00,98.17171,98.24062,98.12056,98.20106,1759
2025-12-01T15:35:00,98.20106,98.31251,97.94892,97.97159,1136
2025-12-01T15:40:00,97.97159,97.99852,97.84002,97.97321,2375
2025-12-01T15:45:00,97.97321,98.18058,97.93156,98.14884,2965
2025-12-01T15:50:00,98.14884,98.43461,98.09023,98.35496,1683
2025-12-01T15:55:00,98.35496,98.40142,98.19821,98.28747,2086
2025-12-01T16:00:00,98.28747,98.40269,98.10065,98.15282,2550
2025-12-01T16:05:00,98.15282,98.27844,97.94791,98.06397,2347
2025-12-01T16:10:00,98.06397,98.16759,98.03032,98.04004,2103
2025-12-01T16:15:00,98.04004,98.07223,97.84272,97.90343,1691
2025-12-01T16:20:00,97.90343,97.91345,97.78352,97.86989,2336
2025-12-01T16:25:00,97.86989,98.04217,97.79838,97.85180,1681
2025-12-01T16:30:00,97.85180,97.90586,97.80650,97.82912,3138
2025-12-01T16:35:00,97.82912,98.02808,97.75395,97.92412,1774
2025-12-01T16:40:00,97.92412,98.17322,97.79634,98.09003,2425
2025-12-01T16:45:00,98.09003,98.18002,97.97740,98.05000,3421
2025-12-01T16:50:00,98.05000,98.06581,97.76144,97.87871,2465
2025-12-01T16:55:00,97.87871,98.01423,97.76243,97.83980,1601
2025-12-01T17:00:00,97.83980,97.84484,97.71887,97.72415,1708
2025-12-01T17:05:00,97.72415,97.77247,97.64363,97.65930,1273
2025-12-01T17:10:00,97.65930,97.67606,97.25777,97.42310,2350
2025-12-01T17:15:00,97.42310,97.51543,97.39401,97.44907,2213
2025-12-01T17:20:00,97.44907,97.53768,97.28269,97.32608,2276
2025-12-01T17:25:00,97.32608,97.40602,97.14448,97.18854,1722
2025-12-01T17:30:00,97.18854,97.29399,97.01165,97.11073,2513
2025-12-01T17:35:00,97.11073,97.21198,97.01395,97.11047,1497
2025-12-01T17:40:00,97.11047,97.21195,96.99391,97.05293,1234
2025-12-01T17:45:00,97.05293,97.05743,96.69298,96.80041,2690
2025-12-01T17:50:00,96.80041,96.80085,96.66666,96.75389,1864
2025-12-01T17:55:00,96.75389,96.80674,96.60076,96.69879,2094
2025-12-01T18:00:00,96.69879,96.74209,96.69377,96.73549,1935
2025-12-01T18:05:00,96.73549,96.74350,96.60657,96.71418,1928
2025-12-01T18:10:00,96.71418,96.71469,96.30753,96.47346,2766
2025-12-01T18:15:00,96.47346,96.58016,96.28201,96.40596,1454
2025-12-01T18:20:00,96.40596,96.62599,96.30586,96.60351,2035
2025-12-01T18:25:00,96.60351,96.92789,96.52229,96.86579,1761
2025-12-01T18:30:00,96.86579,97.19590,96.83592,96.97522,2286
2025-12-01T18:35:00,96.97522,97.26705,96.96961,97.24553,2132
2025-12-01T18:40:00,97.24553,97.50954,97.09865,97.45673,2067
2025-12-01T18:45:00,97.45673,97.50637,97.30504,97.43288,2464
2025-12-01T18:50:00,97.43288,97.57949,97.37837,97.50368,2562
2025-12-01T18:55:00,97.50368,97.64311,97.48439,97.60823,1822
2025-12-01T19:00:00,97.60823,97.72400,97.57810,97.62670,1685
2025-12-01T19:05:00,97.62670,97.91811,97.62117,97.81495,2925
2025-12-01T19:10:00,97.81495,97.90959,97.76939,97.80547,2653
2025-12-01T19:15:00,97.80547,97.83622,97.53567,97.71618,1574
2025-12-01T19:20:00,97.71618,97.88542,97.69339,97.80341,2755
2025-12-01T19:25:00,97.80341,97.93104,97.62470,97.88610,1470
2025-12-01T19:30:00,97.88610,98.08878,97.77713,98.01524,1675
2025-12-01T19:35:00,98.01524,98.05683,97.99851,98.01474,2160
2025-12-01T19:40:00,98.01474,98.02624,97.89147,97.89191,1289
2025-12-01T19:45:00,97.89191,97.97521,97.76513,97.92851,1879
2025-12-01T19:50:00,97.92851,98.05295,97.83155,97.93720,1439
2025-12-01T19:55:00,97.93720,97.99468,97.75770,97.81974,2988
2025-12-01T20:00:00,97.81974,97.86702,97.79867,97.86157,1243
2025-12-01T20:05:00,97.86157,98.10862,97.81617,97.98442,1868
2025-12-01T20:10:00,97.98442,98.13708,97.56420,97.61890,1533
2025-12-01T20:15:00,97.61890,97.83018,97.59836,97.69206,915
2025-12-01T20:20:00,97.69206,97.87901,97.60509,97.85622,2472
2025-12-01T20:25:00,97.85622,98.08786,97.84131,98.01170,2049
2025-12-01T20:30:00,98.01170,98.04952,97.50027,97.65522,1159
2025-12-01T20:35:00,97.65522,97.72245,97.60463,97.68874,2153
2025-12-01T20:40:00,97.68874,97.70758,97.63764,97.65573,3007
2025-12-01T20:45:00,97.65573,97.72740,97.41175,97.52608,2729
2025-12-01T20:50:00,97.52608,97.63325,97.37501,97.42595,2116
2025-12-01T20:55:00,97.42595,97.70730,97.23155,97.60243,2214
2025-12-01T21:00:00,97.60243,97.72578,97.59645,97.68438,1580
2025-12-01T21:05:00,97.68438,97.76214,97.58959,97.61384,2058
2025-12-01T21:10:00,97.61384,97.62377,97.33097,97.46162,2153
2025-12-01T21:15:00,97.46162,97.50930,97.28475,97.29611,2161
2025-12-01T21:20:00,97.29611,97.33529,97.05722,97.13075,2241
2025-12-01T21:25:00,97.13075,97.14750,96.84285,96.87691,2190
2025-12-01T21:30:00,96.87691,97.12075,96.80874,97.03331,2394
2025-12-01T21:35:00,97.03331,97.08585,96.93329,97.06039,2407
2025-12-01T21:40:00,97.06039,97.09073,97.02181,97.02458,1682
2025-12-01T21:45:00,97.02458,97.18670,96.98041,97.06592,1920
2025-12-01T21:50:00,97.06592,97.23608,97.01774,97.09424,2017
2025-12-01T21:55:00,97.09424,97.19955,96.86517,96.94834,2185
2025-12-01T22:00:00,96.94834,96.94982,96.79550,96.85121,1468
2025-12-01T22:05:00,96.85121,96.88181,96.67067,96.72072,2214
2025-12-01T22:10:00,96.72072,96.72878,96.55705,96.58150,2718
2025-12-01T22:15:00,96.58150,96.86253,96.51693,96.80539,1855
2025-12-01T22:20:00,96.80539,96.87999,96.78257,96.80085,1987
2025-12-01T22:25:00,96.80085,96.96456,96.78654,96.86993,965
2025-12-01T22:30:00,96.86993,96.93586,96.74904,96.78811,2254
2025-12-01T22:35:00,96.78811,96.89449,96.75441,96.85596,2681
2025-12-01T22:40:00,96.85596,97.09833,96.73850,97.04069,1155
2025-12-01T22:45:00,97.04069,97.08872,97.03140,97.08581,1433
2025-12-01T22:50:00,97.08581,97.14546,96.96257,97.06234,2287
2025-12-01T22:55:00,97.06234,97.22388,97.01363,97.20776,1910
2025-12-01T23:00:00,97.20776,97.29157,97.13115,97.18354,2344
2025-12-01T23:05:00,97.18354,97.22596,96.81267,96.86669,2105
2025-12-01T23:10:00,96.86669,97.17450,96.86657,97.09190,1315
2025-12-01T23:15:00,97.09190,97.20361,96.97477,97.04729,1668
2025-12-01T23:20:00,97.04729,97.17991,96.99259,97.10153,1946
2025-12-01T23:25:00,97.10153,97.11071,96.74264,96.79276,1463
2025-12-01T23:30:00,96.79276,96.81475,96.74304,96.79696,2218
2025-12-01T23:35:00,96.79696,96.93419,96.61752,96.91980,2380
2025-12-01T23:40:00,96.91980,96.98222,96.68533,96.77394,2629
2025-12-01T23:45:00,96.77394,96.80877,96.51523,96.62235,2305
2025-12-01T23:50:00,96.62235,96.71213,96.44641,96.45613,2139
2025-12-01T23:55:00,96.45613,96.58407,96.34209,96.38619,2831
2025-12-02T00:00:00,96.38619,96.51431,96.30747,96.35946,2335
2025-12-02T00:05:00,96.35946,96.68615,96.29633,96.57946,2071
2025-12-02T00:10:00,96.57946,96.92513,96.55359,96.90066,1712
2025-12-02T00:15:00,96.90066,97.11804,96.85217,97.02063,1569
2025-12-02T00:20:00,97.02063,97.16779,96.94365,97.05568,2060
2025-12-02T00:25:00,97.05568,97.27494,97.00770,97.14593,2187
2025-12-02T00:30:00,97.14593,97.15608,97.07237,97.07579,1329
2025-12-02T00:35:00,97.07579,97.10927,96.96726,97.07543,1911
2025-12-02T00:40:00,97.07543,97.12743,97.04458,97.06681,1905
2025-12-02T00:45:00,97.06681,97.44233,96.96205,97.44211,2885
2025-12-02T00:50:00,97.44211,97.75938,97.27913,97.68238,2556
2025-12-02T00:55:00,97.68238,97.72433,97.51430,97.52456,2720
2025-12-02T01:00:00,97.52456,97.57851,97.31376,97.31611,1822
2025-12-02T01:05:00,97.31611,97.35875,97.27269,97.32732,1463
2025-12-02T01:10:00,97.32732,97.36158,97.14065,97.21021,2417
2025-12-02T01:15:00,97.21021,97.26559,96.88286,96.96115,1774
2025-12-02T01:20:00,96.96115,97.05871,96.83959,97.00757,1570
2025-12-02T01:25:00,97.00757,97.10856,96.98591,97.02690,1818
2025-12-02T01:30:00,97.02690,97.07002,96.90603,96.92884,2421
2025-12-02T01:35:00,96.92884,96.97006,96.84195,96.85875,838
2025-12-02T01:40:00,96.85875,96.93341,96.80256,96.92838,1833
2025-12-02T01:45:00,96.92838,97.08195,96.83258,96.95904,2113
2025-12-02T01:50:00,96.95904,97.26239,96.83789,97.14632,1500
2025-12-02T01:55:00,97.14632,97.21208,97.08494,97.16449,1860
2025-12-02T02:00:00,97.16449,97.28725,96.99822,97.09949,1858
2025-12-02T02:05:00,97.09949,97.37496,97.04186,97.26783,2191
2025-12-02T02:10:00,97.26783,97.30865,97.14967,97.16678,901
2025-12-02T02:15:00,97.16678,97.20724,97.09811,97.16830,1508
2025-12-02T02:20:00,97.16830,97.48878,97.14030,97.46533,2718
2025-12-02T02:25:00,97.46533,97.53532,97.39331,97.42946,2877
2025-12-02T02:30:00,97.42946,97.53154,97.26467,97.39917,2054
2025-12-02T02:35:00,97.39917,97.49000,97.24388,97.35695,1299
2025-12-02T02:40:00,97.35695,97.36608,97.34332,97.35138,1912
2025-12-02T02:45:00,97.35138,97.61055,97.21298,97.55445,1767
2025-12-02T02:50:00,97.55445,97.68433,97.39986,97.67390,2500
2025-12-02T02:55:00,97.67390,97.88500,97.66782,97.76596,1849
2025-12-02T03:00:00,97.76596,97.96370,97.76388,97.95775,1756
2025-12-02T03:05:00,97.95775,97.97429,97.82674,97.88226,1109
2025-12-02T03:10:00,97.88226,97.94779,97.85966,97.87254,1653
2025-12-02T03:15:00,97.87254,97.90776,97.81562,97.89296,1597
2025-12-02T03:20:00,97.89296,97.92552,97.73175,97.76462,1831
2025-12-02T03:25:00,97.76462,97.82266,97.54854,97.64815,2135
2025-12-02T03:30:00,97.64815,97.70756,97.59053,97.67538,1604
2025-12-02T03:35:00,97.67538,97.75484,97.57912,97.64666,1460
2025-12-02T03:40:00,97.64666,97.67449,97.46713,97.48275,2390
2025-12-02T03:45:00,97.48275,97.49299,97.37161,97.47361,1991
2025-12-02T03:50:00,97.47361,97.51809,97.33572,97.38966,2395
2025-12-02T03:55:00,97.38966,97.41908,97.28837,97.38814,2125
2025-12-02T04:00:00,97.38814,97.48955,97.08120,97.08569,1533
2025-12-02T04:05:00,97.08569,97.22392,97.01809,97.10742,1959
2025-12-02T04:10:00,97.10742,97.20283,96.98898,97.10981,2111
2025-12-02T04:15:00,97.10981,97.13015,96.82288,96.88475,2080
2025-12-02T04:20:00,96.88475,97.03086,96.70472,96.78990,2016
2025-12-02T04:25:00,96.78990,97.19893,96.77967,97.13394,1422
2025-12-02T04:30:00,97.13394,97.21811,97.05798,97.07915,2007
2025-12-02T04:35:00,97.07915,97.15711,96.71395,96.75167,1852
2025-12-02T04:40:00,96.75167,97.13824,96.69509,97.05177,1709
2025-12-02T04:45:00,97.05177,97.07767,97.04453,97.06211,706
2025-12-02T04:50:00,97.06211,97.09147,96.94503,97.03834,1777
2025-12-02T04:55:00,97.03834,97.15646,96.96088,97.04688,3233
2025-12-02T05:00:00,97.04688,97.30238,96.96604,97.17281,2146
2025-12-02T05:05:00,97.17281,97.22885,97.08496,97.14892,1747
2025-12-02T05:10:00,97.14892,97.24419,96.95504,97.01991,2205
2025-12-02T05:15:00,97.01991,97.22929,96.96388,97.20337,1830
2025-12-02T05:20:00,97.20337,97.33715,97.12237,97.19652,2073
2025-12-02T05:25:00,97.19652,97.26458,96.86048,96.88350,3028
2025-12-02T05:30:00,96.88350,97.02132,96.76860,96.98794,1874
2025-12-02T05:35:00,96.98794,97.03497,96.85508,96.88604,1631
2025-12-02T05:40:00,96.88604,96.92103,96.73501,96.81801,1995
2025-12-02T05:45:00,96.81801,96.91619,96.64140,96.76068,2081
2025-12-02T05:50:00,96.76068,96.95929,96.71881,96.72318,2169
2025-12-02T05:55:00,96.72318,96.84649,96.68088,96.77522,1863
2025-12-02T06:00:00,96.77522,96.86780,96.66466,96.83212,2531
2025-12-02T06:05:00,96.83212,97.08542,96.81281,97.00384,1284
2025-12-02T06:10:00,97.00384,97.19985,96.97746,97.11470,2271
2025-12-02T06:15:00,97.11470,97.19004,96.85218,97.09886,1704
2025-12-02T06:20:00,97.09886,97.18331,96.86900,96.94401,1653
2025-12-02T06:25:00,96.94401,96.98693,96.76157,96.77901,1975
2025-12-02T06:30:00,96.77901,96.87421,96.74817,96.85043,1402
2025-12-02T06:35:00,96.85043,96.89976,96.75818,96.81980,2118
2025-12-02T06:40:00,96.81980,97.08983,96.72607,97.05830,2075
2025-12-02T06:45:00,97.05830,97.07912,96.62952,96.88356,2336
2025-12-02T06:50:00,96.88356,96.99885,96.34991,96.56724,1840
2025-12-02T06:55:00,96.56724,96.58449,96.41581,96.55809,2044
2025-12-02T07:00:00,96.55809,96.59215,96.30815,96.40226,1552
2025-12-02T07:05:00,96.40226,96.41780,96.24445,96.33978,2635
2025-12-02T07:10:00,96.33978,96.36457,96.24667,96.33076,2796
2025-12-02T07:15:00,96.33076,96.40714,96.13133,96.26889,2574
2025-12-02T07:20:00,96.26889,96.41130,96.22772,96.36824,1757
2025-12-02T07:25:00,96.36824,96.71963,96.29987,96.59481,2858
2025-12-02T07:30:00,96.59481,96.63661,96.50008,96.50893,2559
2025-12-02T07:35:00,96.50893,96.60539,96.43548,96.51309,3144
2025-12-02T07:40:00,96.51309,96.55132,96.36638,96.45963,2434
2025-12-02T07:45:00,96.45963,96.56975,96.22709,96.27075,1910
2025-12-02T07:50:00,96.27075,96.30121,96.21118,96.26295,1988
2025-12-02T07:55:00,96.26295,96.42772,96.01548,96.08870,2531
2025-12-02T08:00:00,96.08870,96.16141,95.88905,95.96796,1917
2025-12-02T08:05:00,95.96796,96.09287,95.75945,95.92672,2148
2025-12-02T08:10:00,95.92672,95.93536,95.71888,95.86885,2344
2025-12-02T08:15:00,95.86885,95.95247,95.73261,95.85713,1896
2025-12-02T08:20:00,95.85713,95.88067,95.78349,95.84767,1807
2025-12-02T08:25:00,95.84767,95.98338,95.83727,95.85999,2709
2025-12-02T08:30:00,95.85999,95.97419,95.65927,95.89363,2274
2025-12-02T08:35:00,95.89363,95.94833,95.81873,95.84633,2391
2025-12-02T08:40:00,95.84633,95.91674,95.81681,95.88559,2172
2025-12-02T08:45:00,95.88559,95.93593,95.88382,95.91328,1768
2025-12-02T08:50:00,95.91328,95.92819,95.80473,95.83403,1394
2025-12-02T08:55:00,95.83403,95.92840,95.79137,95.88892,1522
2025-12-02T09:00:00,95.88892,95.96099,95.88812,95.94687,1076
2025-12-02T09:05:00,95.94687,95.95267,95.64907,95.67825,2458
2025-12-02T09:10:00,95.67825,95.81131,95.55556,95.60351,1717
2025-12-02T09:15:00,95.60351,95.72204,95.36614,95.50395,2113
2025-12-02T09:20:00,95.50395,95.68720,95.49700,95.67797,1706
2025-12-02T09:25:00,95.67797,95.89519,95.67668,95.74503,2401
2025-12-02T09:30:00,95.74503,95.78476,95.64871,95.69131,2300
2025-12-02T09:35:00,95.69131,95.76485,95.61109,95.67161,2421
2025-12-02T09:40:00,95.67161,95.71325,95.56824,95.64915,1712
2025-12-02T09:45:00,95.64915,95.74250,95.58515,95.71186,3103
2025-12-02T09:50:00,95.71186,95.94002,95.61258,95.83434,2152
2025-12-02T09:55:00,95.83434,95.90696,95.60336,95.74977,1429
2025-12-02T10:00:00,95.74977,95.87174,95.68634,95.86552,2512
2025-12-02T10:05:00,95.86552,96.18915,95.84611,96.07506,2646
2025-12-02T10:10:00,96.07506,96.56279,95.97819,96.46713,2082
2025-12-02T10:15:00,96.46713,96.54038,96.19741,96.37381,2549
2025-12-02T10:20:00,96.37381,96.47089,96.26388,96.26571,1763
2025-12-02T10:25:00,96.26571,96.32952,96.13854,96.18630,769
2025-12-02T10:30:00,96.18630,96.21996,96.01523,96.10548,2370
2025-12-02T10:35:00,96.10548,96.36859,96.06510,96.21435,1527
2025-12-02T10:40:00,96.21435,96.25204,96.20164,96.20542,3003
2025-12-02T10:45:00,96.20542,96.27496,95.99322,96.15917,2341
2025-12-02T10:50:00,96.15917,96.21551,95.86878,96.00886,1296
2025-12-02T10:55:00,96.00886,96.03649,95.88843,95.94643,2677
2025-12-02T11:00:00,95.94643,96.02712,95.67871,95.73453,2750
2025-12-02T11:05:00,95.73453,95.91102,95.71443,95.83780,2140
2025-12-02T11:10:00,95.83780,95.86030,95.65554,95.68063,2658
2025-12-02T11:15:00,95.68063,95.74072,95.66061,95.70368,1457
2025-12-02T11:20:00,95.70368,95.71706,95.45648,95.51561,1734
2025-12-02T11:25:00,95.51561,95.92724,95.46487,95.86990,1969
2025-12-02T11:30:00,95.86990,95.88017,95.46395,95.59947,918
2025-12-02T11:35:00,95.59947,95.61128,95.34651,95.44950,2087
2025-12-02T11:40:00,95.44950,95.51719,95.11308,95.22260,2519
2025-12-02T11:45:00,95.22260,95.23266,95.15879,95.18244,2154
2025-12-02T11:50:00,95.18244,95.30098,95.09659,95.13452,2516
2025-12-02T11:55:00,95.13452,95.24420,95.06565,95.20650,1433
2025-12-02T12:00:00,95.20650,95.27068,95.03826,95.10111,2099
2025-12-02T12:05:00,95.10111,95.14820,95.00390,95.04752,3235
2025-12-02T12:10:00,95.04752,95.05627,94.87045,95.02904,1884
2025-12-02T12:15:00,95.02904,95.06420,94.91427,94.93353,1665
2025-12-02T12:20:00,94.93353,94.97401,94.68629,94.84052,1802
2025-12-02T12:25:00,94.84052,94.90465,94.79679,94.86797,1844
2025-12-02T12:30:00,94.86797,94.88404,94.85344,94.86203,2481
2025-12-02T12:35:00,94.86203,94.87045,94.64598,94.68428,1386
2025-12-02T12:40:00,94.68428,94.82936,94.63713,94.74003,2605
2025-12-02T12:45:00,94.74003,94.82654,94.60632,94.63473,1385
2025-12-02T12:50:00,94.63473,94.68611,94.37841,94.51042,1313
2025-12-02T12:55:00,94.51042,94.55136,93.95429,94.05016,1190
2025-12-02T13:00:00,94.05016,94.08757,93.94260,93.99843,1441
2025-12-02T13:05:00,93.99843,94.00849,93.74474,93.88630,2050
2025-12-02T13:10:00,93.88630,93.92008,93.86753,93.89617,2130
2025-12-02T13:15:00,93.89617,93.96511,93.75567,93.84670,2124
2025-12-02T13:20:00,93.84670,94.00615,93.66876,93.98297,1613
2025-12-02T13:25:00,93.98297,94.12704,93.88784,94.09035,2755
2025-12-02T13:30:00,94.09035,94.09948,94.07494,94.07670,1556
2025-12-02T13:35:00,94.07670,94.19269,94.05734,94.11495,2246
2025-12-02T13:40:00,94.11495,94.19445,93.75827,93.85061,2061
2025-12-02T13:45:00,93.85061,93.93498,93.75421,93.84064,1655
2025-12-02T13:50:00,93.84064,93.97759,93.82498,93.91646,1154
2025-12-02T13:55:00,93.91646,94.00152,93.86783,93.90928,2076
2025-12-02T14:00:00,93.90928,93.93376,93.81155,93.86367,1540
2025-12-02T14:05:00,93.86367,93.93052,93.76153,93.84817,1828
2025-12-02T14:10:00,93.84817,93.97649,93.77609,93.92625,2059
2025-12-02T14:15:00,93.92625,93.93929,93.85639,93.93723,2568
2025-12-02T14:20:00,93.93723,93.95257,93.86666,93.90247,1451
2025-12-02T14:25:00,93.90247,94.02201,93.80551,93.83658,2675
2025-12-02T14:30:00,93.83658,93.88877,93.56228,93.67156,1811
2025-12-02T14:35:00,93.67156,93.78336,93.56611,93.63548,1462
2025-12-02T14:40:00,93.63548,93.74455,93.55567,93.70364,1799
2025-12-02T14:45:00,93.70364,93.82691,93.70030,93.70556,2713
2025-12-02T14:50:00,93.70556,93.77237,93.65630,93.70182,2129
2025-12-02T14:55:00,93.70182,93.76515,93.59782,93.61046,2093
2025-12-02T15:00:00,93.61046,93.75626,93.23576,93.39576,2940
2025-12-02T15:05:00,93.39576,93.46672,93.20610,93.21678,969
2025-12-02T15:10:00,93.21678,93.30988,93.11825,93.16561,2029
2025-12-02T15:15:00,93.16561,93.36829,92.97761,93.23703,1802
2025-12-02T15:20:00,93.23703,93.25214,93.03699,93.14894,1579
2025-12-02T15:25:00,93.14894,93.18228,92.99115,93.16435,1650
2025-12-02T15:30:00,93.16435,93.19398,93.09310,93.14536,1845
2025-12-02T15:35:00,93.14536,93.40327,93.12964,93.33945,1982
2025-12-02T15:40:00,93.33945,93.74694,93.20462,93.56059,1429
2025-12-02T15:45:00,93.56059,93.66484,93.40949,93.43870,2693
2025-12-02T15:50:00,93.43870,93.51649,92.99586,93.03360,2290
2025-12-02T15:55:00,93.03360,93.04452,92.79351,93.00557,2275
2025-12-02T16:00:00,93.00557,93.06005,92.65932,92.68152,2204
2025-12-02T16:05:00,92.68152,92.75263,92.55647,92.69101,1680
2025-12-02T16:10:00,92.69101,92.69602,92.61057,92.63729,2079
2025-12-02T16:15:00,92.63729,92.84721,92.59510,92.70878,2491
2025-12-02T16:20:00,92.70878,93.09716,92.64831,93.04612,1992
2025-12-02T16:25:00,93.04612,93.09976,92.98248,93.08513,1509
2025-12-02T16:30:00,93.08513,93.14771,92.85729,92.88896,2851
2025-12-02T16:35:00,92.88896,92.90970,92.72489,92.85844,1316
2025-12-02T16:40:00,92.85844,92.92217,92.80248,92.81655,1507
2025-12-02T16:45:00,92.81655,92.97013,92.77153,92.93216,1822
2025-12-02T16:50:00,92.93216,93.02000,92.89849,92.97590,1757
2025-12-02T16:55:00,92.97590,92.97602,92.93751,92.96751,1817
2025-12-02T17:00:00,92.96751,93.14966,92.84957,93.08181,1683
2025-12-02T17:05:00,93.08181,93.10439,92.58686,92.61167,2349
2025-12-02T17:10:00,92.61167,92.72513,92.60206,92.63475,1856
2025-12-02T17:15:00,92.63475,92.65052,92.33585,92.42154,1328
2025-12-02T17:20:00,92.42154,92.54524,92.36531,92.51138,2142
2025-12-02T17:25:00,92.51138,92.52628,92.45902,92.50926,2398
2025-12-02T17:30:00,92.50926,92.56199,92.34647,92.38593,2490
2025-12-02T17:35:00,92.38593,92.38663,92.24820,92.36752,2903
2025-12-02T17:40:00,92.36752,92.50498,92.23396,92.32113,1926
2025-12-02T17:45:00,92.32113,92.42215,92.03926,92.13538,2247
2025-12-02T17:50:00,92.13538,92.14955,91.86238,91.92725,1757
2025-12-02T17:55:00,91.92725,92.04604,91.82489,91.91808,2122
2025-12-02T18:00:00,91.91808,92.04171,91.87099,91.96164,1728
2025-12-02T18:05:00,91.96164,91.96276,91.85384,91.92478,1893
2025-12-02T18:10:00,91.92478,91.97462,91.71561,91.76433,1732
2025-12-02T18:15:00,91.76433,91.91850,91.70771,91.86073,2010
2025-12-02T18:20:00,91.86073,91.99162,91.84631,91.89008,1597
2025-12-02T18:25:00,91.89008,92.03153,91.78689,91.95626,2276
2025-12-02T18:30:00,91.95626,92.09754,91.71077,91.80904,1923
2025-12-02T18:35:00,91.80904,91.81132,91.78675,91.80277,1469
2025-12-02T18:40:00,91.80277,92.11516,91.74511,92.04038,2239
2025-12-02T18:45:00,92.04038,92.43063,92.03139,92.32143,2253
2025-12-02T18:50:00,92.32143,92.54493,92.30256,92.53269,2093
2025-12-02T18:55:00,92.53269,92.56563,92.31582,92.44975,2173
2025-12-02T19:00:00,92.44975,92.49635,92.32516,92.38544,2087
2025-12-02T19:05:00,92.38544,92.45889,92.19129,92.23945,1271
2025-12-02T19:10:00,92.23945,92.29760,92.16241,92.24386,2136
2025-12-02T19:15:00,92.24386,92.42289,92.17010,92.39264,1234
2025-12-02T19:20:00,92.39264,92.47948,92.37001,92.45652,1493
2025-12-02T19:25:00,92.45652,92.76574,92.42409,92.61797,1532
2025-12-02T19:30:00,92.61797,92.75652,92.47546,92.68343,1981
2025-12-02T19:35:00,92.68343,92.89158,92.67423,92.82258,1615
2025-12-02T19:40:00,92.82258,93.05936,92.77584,93.02814,2224
2025-12-02T19:45:00,93.02814,93.13945,92.91291,92.97310,2493
2025-12-02T19:50:00,92.97310,93.09706,92.95578,93.03563,1346
2025-12-02T19:55:00,93.03563,93.04712,92.74325,92.83776,1784
2025-12-02T20:00:00,92.83776,92.92293,92.64038,92.66892,1636
2025-12-02T20:05:00,92.66892,92.75176,92.64205,92.70451,2080
2025-12-02T20:10:00,92.70451,92.96162,92.68392,92.85083,2034
2025-12-02T20:15:00,92.85083,93.00122,92.83402,92.99031,2005
2025-12-02T20:20:00,92.99031,93.19916,92.95011,93.16548,1483
2025-12-02T20:25:00,93.16548,93.28480,93.10241,93.27548,1888
2025-12-02T20:30:00,93.27548,93.36819,93.10160,93.32358,2834
2025-12-02T20:35:00,93.32358,93.52729,93.26810,93.47495,2551
2025-12-02T20:40:00,93.47495,93.62226,93.41689,93.56435,2281
2025-12-02T20:45:00,93.56435,93.83111,93.54380,93.67362,2210
2025-12-02T20:50:00,93.67362,93.88032,93.58782,93.86056,1777
2025-12-02T20:55:00,93.86056,93.88894,93.73729,93.73852,1365
2025-12-02T21:00:00,93.73852,93.74722,93.57324,93.62524,2517
2025-12-02T21:05:00,93.62524,93.79962,93.42581,93.54091,1571
2025-12-02T21:10:00,93.54091,93.77035,93.52039,93.68193,2461
2025-12-02T21:15:00,93.68193,93.72311,93.53062,93.70733,2768
2025-12-02T21:20:00,93.70733,93.86995,93.68326,93.76666,2238
2025-12-02T21:25:00,93.76666,93.93847,93.71306,93.79145,2436
2025-12-02T21:30:00,93.79145,93.88221,93.74410,93.75297,2136
2025-12-02T21:35:00,93.75297,93.79285,93.57802,93.63400,2279
2025-12-02T21:40:00,93.63400,93.69161,93.52840,93.58393,1963
2025-12-02T21:45:00,93.58393,93.86728,93.49609,93.81798,1751
2025-12-02T21:50:00,93.81798,93.90738,93.76092,93.81604,2662
2025-12-02T21:55:00,93.81604,93.98375,93.66397,93.70888,2485
2025-12-02T22:00:00,93.70888,93.79744,93.70016,93.71983,1608
2025-12-02T22:05:00,93.71983,93.80927,93.47098,93.56744,1565
2025-12-02T22:10:00,93.56744,93.64455,93.53526,93.59578,771
2025-12-02T22:15:00,93.59578,93.79556,93.48023,93.73570,1650
2025-12-02T22:20:00,93.73570,93.81889,93.60868,93.80401,2243
2025-12-02T22:25:00,93.80401,94.10843,93.77331,94.09870,2656
2025-12-02T22:30:00,94.09870,94.15594,93.89343,94.01170,1892
2025-12-02T22:35:00,94.01170,94.10161,93.81083,93.84551,2571
2025-12-02T22:40:00,93.84551,93.98947,93.63219,93.65566,1769
2025-12-02T22:45:00,93.65566,93.99998,93.58370,93.78054,1713
2025-12-02T22:50:00,93.78054,93.87020,93.43913,93.58180,1565
2025-12-02T22:55:00,93.58180,93.59521,93.35473,93.44382,2248
2025-12-02T23:00:00,93.44382,93.52111,93.43933,93.51271,1750
2025-12-02T23:05:00,93.51271,93.54138,93.37305,93.39844,1958
2025-12-02T23:10:00,93.39844,93.54425,93.30231,93.45740,1614
2025-12-02T23:15:00,93.45740,93.48289,93.44958,93.47110,1328
2025-12-02T23:20:00,93.47110,93.54209,93.35597,93.41872,1736
2025-12-02T23:25:00,93.41872,93.56645,93.39142,93.42631,2499
2025-12-02T23:30:00,93.42631,93.52642,93.30509,93.31467,2173
2025-12-02T23:35:00,93.31467,93.42369,93.09172,93.10571,2251
2025-12-02T23:40:00,93.10571,93.39932,93.08034,93.30170,1301
2025-12-02T23:45:00,93.30170,93.56219,93.20233,93.55825,1851
2025-12-02T23:50:00,93.55825,93.56917,93.39617,93.44487,1783
2025-12-02T23:55:00,93.44487,93.69904,93.44172,93.68995,2092
2025-12-03T00:00:00,93.68995,93.78894,93.44370,93.50543,1626
2025-12-03T00:05:00,93.50543,93.55300,93.36264,93.41243,1990
2025-12-03T00:10:00,93.41243,93.55303,93.15187,93.31763,1976
2025-12-03T00:15:00,93.31763,93.41190,93.24077,93.24191,1248
2025-12-03T00:20:00,93.24191,93.39301,93.19489,93.38270,1708
2025-12-03T00:25:00,93.38270,93.38684,93.24782,93.26680,1644
2025-12-03T00:30:00,93.26680,93.45943,93.20826,93.33592,1338
2025-12-03T00:35:00,93.33592,93.42974,93.31443,93.42731,2023
2025-12-03T00:40:00,93.42731,93.43914,93.24876,93.42676,2364
2025-12-03T00:45:00,93.42676,93.49180,93.37020,93.41612,1634
2025-12-03T00:50:00,93.41612,93.57792,93.37783,93.51025,2019
2025-12-03T00:55:00,93.51025,93.62117,93.42746,93.44077,1731
2025-12-03T01:00:00,93.44077,93.44463,93.39715,93.40796,2653
2025-12-03T01:05:00,93.40796,93.48263,93.19724,93.32203,2294
2025-12-03T01:10:00,93.32203,93.54911,93.15634,93.53062,2455
2025-12-03T01:15:00,93.53062,93.69156,93.42669,93.48492,2404
2025-12-03T01:20:00,93.48492,93.57767,93.32152,93.43225,1641
2025-12-03T01:25:00,93.43225,93.54476,93.33846,93.54205,2132
2025-12-03T01:30:00,93.54205,93.55860,93.36111,93.44665,1684
2025-12-03T01:35:00,93.44665,93.66433,93.38903,93.60016,1694
2025-12-03T01:40:00,93.60016,93.66088,93.42039,93.49467,1500
2025-12-03T01:45:00,93.49467,93.88330,93.36218,93.84660,2573
2025-12-03T01:50:00,93.84660,94.05291,93.76594,93.82139,1460
2025-12-03T01:55:00,93.82139,93.84651,93.56168,93.57407,1716
2025-12-03T02:00:00,93.57407,93.83853,93.57111,93.72986,1953
2025-12-03T02:05:00,93.72986,93.81498,93.60613,93.67352,2907
2025-12-03T02:10:00,93.67352,93.96785,93.65268,93.88188,1823
2025-12-03T02:15:00,93.88188,93.93521,93.83443,93.84259,1865
2025-12-03T02:20:00,93.84259,93.86540,93.77830,93.80412,2093
2025-12-03T02:25:00,93.80412,93.84227,93.79238,93.81305,1065
2025-12-03T02:30:00,93.81305,93.82960,93.64474,93.70935,924
2025-12-03T02:35:00,93.70935,93.80418,93.29668,93.44253,2541
2025-12-03T02:40:00,93.44253,93.56417,93.31958,93.32267,2457
2025-12-03T02:45:00,93.32267,93.48872,93.26957,93.44388,1538
2025-12-03T02:50:00,93.44388,93.51404,93.32369,93.35366,1300
2025-12-03T02:55:00,93.35366,93.76135,93.29179,93.65866,2159
2025-12-03T03:00:00,93.65866,93.71297,93.56159,93.56666,2889
2025-12-03T03:05:00,93.56666,93.73067,93.54854,93.59304,1985
2025-12-03T03:10:00,93.59304,93.68934,93.53979,93.61261,3330
2025-12-03T03:15:00,93.61261,93.77344,93.46470,93.67481,999
2025-12-03T03:20:00,93.67481,93.75200,93.60619,93.65522,1169
2025-12-03T03:25:00,93.65522,93.68986,93.49948,93.55808,2440
2025-12-03T03:30:00,93.55808,93.59601,93.43104,93.48389,2114
2025-12-03T03:35:00,93.48389,93.58779,93.25540,93.36064,2518
2025-12-03T03:40:00,93.36064,93.42100,93.24595,93.25490,1961
2025-12-03T03:45:00,93.25490,93.27533,93.13355,93.17364,1930
2025-12-03T03:50:00,93.17364,93.38733,93.07420,93.20658,1737
2025-12-03T03:55:00,93.20658,93.27145,93.14165,93.23866,2085
2025-12-03T04:00:00,93.23866,93.24583,93.12822,93.19235,1022
2025-12-03T04:05:00,93.19235,93.27198,93.11980,93.22548,1102
2025-12-03T04:10:00,93.22548,93.33851,93.18868,93.25132,2404
2025-12-03T04:15:00,93.25132,93.35010,92.99813,93.03155,1973
2025-12-03T04:20:00,93.03155,93.07174,92.97548,92.99748,1219
2025-12-03T04:25:00,92.99748,93.31275,92.90413,93.29480,1712
2025-12-03T04:30:00,93.29480,93.38591,93.24681,93.31580,1357
2025-12-03T04:35:00,93.31580,93.44709,93.23081,93.24287,2773
2025-12-03T04:40:00,93.24287,93.48020,93.21799,93.45612,2503
2025-12-03T04:45:00,93.45612,93.54589,93.09285,93.14402,1484
2025-12-03T04:50:00,93.14402,93.35548,93.08014,93.21789,2429
2025-12-03T04:55:00,93.21789,93.34278,93.06316,93.10922,2507
2025-12-03T05:00:00,93.10922,93.24103,93.09299,93.11781,1598
2025-12-03T05:05:00,93.11781,93.23502,93.03721,93.19254,1992
2025-12-03T05:10:00,93.19254,93.28947,92.88947,92.98785,1461
2025-12-03T05:15:00,92.98785,93.13797,92.93616,93.08596,1435
2025-12-03T05:20:00,93.08596,93.14274,92.90896,92.92631,2031
2025-12-03T05:25:00,92.92631,93.02974,92.90603,92.97712,1682
2025-12-03T05:30:00,92.97712,92.98845,92.74729,92.79059,1604
2025-12-03T05:35:00,92.79059,93.02561,92.69646,92.97863,1783
2025-12-03T05:40:00,92.97863,93.05724,92.88277,93.00844,2412
2025-12-03T05:45:00,93.00844,93.08958,92.99035,92.99150,1773
2025-12-03T05:50:00,92.99150,93.04475,92.87807,92.92823,3172
2025-12-03T05:55:00,92.92823,92.93799,92.74306,92.75358,2196
2025-12-03T06:00:00,92.75358,92.89070,92.69647,92.80497,2310
2025-12-03T06:05:00,92.80497,92.86199,92.79676,92.81083,1854
2025-12-03T06:10:00,92.81083,92.94855,92.52785,92.67420,2111
2025-12-03T06:15:00,92.67420,92.75804,92.64902,92.73686,2273
2025-12-03T06:20:00,92.73686,92.84613,92.52947,92.81214,1155
2025-12-03T06:25:00,92.81214,92.83917,92.38484,92.61899,1795
2025-12-03T06:30:00,92.61899,92.74330,92.26123,92.33827,1735
2025-12-03T06:35:00,92.33827,92.61412,92.14506,92.59581,1350
2025-12-03T06:40:00,92.59581,92.82160,92.51129,92.72219,2549
2025-12-03T06:45:00,92.72219,92.77635,92.61717,92.61881,1745
2025-12-03T06:50:00,92.61881,92.63281,92.48077,92.50361,1909
2025-12-03T06:55:00,92.50361,92.54240,92.31511,92.38732,2047
2025-12-03T07:00:00,92.38732,92.47307,92.15450,92.28529,2466
2025-12-03T07:05:00,92.28529,92.34846,92.19358,92.23693,3012
2025-12-03T07:10:00,92.23693,92.43860,92.14983,92.43540,2944
2025-12-03T07:15:00,92.43540,92.51787,92.17192,92.30170,2600
2025-12-03T07:20:00,92.30170,92.68652,92.28126,92.44356,2371
2025-12-03T07:25:00,92.44356,92.55248,92.19504,92.24129,1678
2025-12-03T07:30:00,92.24129,92.25287,92.11159,92.15033,2534
2025-12-03T07:35:00,92.15033,92.35217,91.80136,91.83620,1514
2025-12-03T07:40:00,91.83620,91.97351,91.80084,91.84784,1856
2025-12-03T07:45:00,91.84784,91.94207,91.82251,91.85646,2044
2025-12-03T07:50:00,91.85646,91.97415,91.79262,91.80104,1659
2025-12-03T07:55:00,91.80104,91.90783,91.58648,91.65781,2450
2025-12-03T08:00:00,91.65781,91.80274,91.64669,91.76806,2212
2025-12-03T08:05:00,91.76806,91.80076,91.36190,91.42327,1518
2025-12-03T08:10:00,91.42327,91.65552,91.19677,91.51461,2046
2025-12-03T08:15:00,91.51461,91.61632,91.18630,91.26328,1317
2025-12-03T08:20:00,91.26328,91.28383,90.84102,91.07462,2342
2025-12-03T08:25:00,91.07462,91.12772,91.04076,91.05554,2008
2025-12-03T08:30:00,91.05554,91.13968,90.70392,90.88285,1633
2025-12-03T08:35:00,90.88285,90.98151,90.83578,90.91935,2752
2025-12-03T08:40:00,90.91935,91.11055,90.90909,91.08017,2134
2025-12-03T08:45:00,91.08017,91.23762,91.03498,91.08310,1802
2025-12-03T08:50:00,91.08310,91.12952,90.98247,91.04297,1200
2025-12-03T08:55:00,91.04297,91.05746,90.84152,90.97308,2470
2025-12-03T09:00:00,90.97308,90.99592,90.86006,90.92508,2674
2025-12-03T09:05:00,90.92508,90.96998,90.71971,90.74025,2404
2025-12-03T09:10:00,90.74025,90.74490,90.46951,90.56522,2801
2025-12-03T09:15:00,90.56522,90.62785,90.49408,90.51010,1634
2025-12-03T09:20:00,90.51010,90.63291,90.41918,90.56110,2220
2025-12-03T09:25:00,90.56110,90.63360,90.47995,90.62946,1378
2025-12-03T09:30:00,90.62946,90.66917,90.27413,90.33931,2759
2025-12-03T09:35:00,90.33931,90.41061,90.06971,90.09768,2515
2025-12-03T09:40:00,90.09768,90.24696,89.99642,90.14338,1131
2025-12-03T09:45:00,90.14338,90.24842,90.11195,90.15499,2453
2025-12-03T09:50:00,90.15499,90.21873,90.13534,90.20015,2214
2025-12-03T09:55:00,90.20015,90.27151,90.06533,90.22415,2308
2025-12-03T10:00:00,90.22415,90.48382,90.22007,90.47760,2019
2025-12-03T10:05:00,90.47760,90.48537,90.33681,90.40191,1747
2025-12-03T10:10:00,90.40191,90.48560,90.40068,90.43968,2276
2025-12-03T10:15:00,90.43968,90.46964,90.24459,90.25157,1130
2025-12-03T10:20:00,90.25157,90.39861,90.08027,90.34152,1653
2025-12-03T10:25:00,90.34152,90.41867,90.02363,90.05893,1953
2025-12-03T10:30:00,90.05893,90.15013,90.03691,90.06027,2014
2025-12-03T10:35:00,90.06027,90.20758,89.96912,90.11385,2416
2025-12-03T10:40:00,90.11385,90.25322,90.09527,90.20277,1651
2025-12-03T10:45:00,90.20277,90.22702,89.78962,89.81316,1441
2025-12-03T10:50:00,89.81316,90.22619,89.75014,90.17104,2053
2025-12-03T10:55:00,90.17104,90.24121,90.12007,90.20249,2853
2025-12-03T11:00:00,90.20249,90.37727,90.19231,90.34229,2053
2025-12-03T11:05:00,90.34229,90.35156,90.12515,90.22326,2563
2025-12-03T11:10:00,90.22326,90.44892,90.19120,90.34800,1275
2025-12-03T11:15:00,90.34800,90.47771,90.11991,90.16599,1878
2025-12-03T11:20:00,90.16599,90.21497,90.04101,90.07763,1799
2025-12-03T11:25:00,90.07763,90.08097,89.97201,90.05442,2088
2025-12-03T11:30:00,90.05442,90.26134,89.77316,89.85450,2316
2025-12-03T11:35:00,89.85450,89.96385,89.78232,89.90525,1620
2025-12-03T11:40:00,89.90525,89.93626,89.88874,89.88955,1788
2025-12-03T11:45:00,89.88955,89.91982,89.66753,89.71450,2856
2025-12-03T11:50:00,89.71450,89.79155,89.59784,89.65515,1914
2025-12-03T11:55:00,89.65515,89.82909,89.56071,89.78977,1440
2025-12-03T12:00:00,89.78977,89.84987,89.73686,89.81537,3025
2025-12-03T12:05:00,89.81537,89.83429,89.75543,89.77303,2271
2025-12-03T12:10:00,89.77303,89.91498,89.68706,89.83178,1751
2025-12-03T12:15:00,89.83178,90.07491,89.80689,90.04241,2111
2025-12-03T12:20:00,90.04241,90.07562,89.86490,89.90750,1077
2025-12-03T12:25:00,89.90750,89.99376,89.84828,89.95388,2834
2025-12-03T12:30:00,89.95388,90.11872,89.94987,90.03942,1208
2025-12-03T12:35:00,90.03942,90.13600,90.00322,90.06333,1873
2025-12-03T12:40:00,90.06333,90.10320,89.70478,89.82517,2799
2025-12-03T12:45:00,89.82517,90.07775,89.75189,90.02297,2135
2025-12-03T12:50:00,90.02297,90.03950,89.86668,90.03439,770
2025-12-03T12:55:00,90.03439,90.06769,89.91007,89.96576,2098
2025-12-03T13:00:00,89.96576,89.96953,89.69017,89.77904,1472
2025-12-03T13:05:00,89.77904,89.78562,89.64814,89.67767,1622
2025-12-03T13:10:00,89.67767,89.78170,89.46362,89.53664,1589
2025-12-03T13:15:00,89.53664,89.63417,89.42729,89.61168,2208
2025-12-03T13:20:00,89.61168,89.73716,89.53529,89.71799,1288
2025-12-03T13:25:00,89.71799,89.77612,89.70317,89.74545,2256
2025-12-03T13:30:00,89.74545,89.83448,89.56344,89.72120,2525
2025-12-03T13:35:00,89.72120,89.88146,89.50761,89.78181,1646
2025-12-03T13:40:00,89.78181,89.83063,89.76974,89.82341,2806
2025-12-03T13:45:00,89.82341,89.86610,89.64977,89.74120,2757
2025-12-03T13:50:00,89.74120,89.85153,89.23291,89.33414,1227
2025-12-03T13:55:00,89.33414,89.80118,89.31277,89.67517,1617
2025-12-03T14:00:00,89.67517,89.81101,89.63940,89.75186,2072
2025-12-03T14:05:00,89.75186,89.79888,89.64682,89.76846,2319
2025-12-03T14:10:00,89.76846,89.91067,89.62094,89.89580,2336
2025-12-03T14:15:00,89.89580,90.06872,89.83576,90.00940,1295
2025-12-03T14:20:00,90.00940,90.07537,89.93762,90.04542,1923
2025-12-03T14:25:00,90.04542,90.25316,89.97765,90.21152,2213
2025-12-03T14:30:00,90.21152,90.32095,89.95844,90.06890,1468
2025-12-03T14:35:00,90.06890,90.34414,90.05418,90.23084,2017
2025-12-03T14:40:00,90.23084,90.37012,90.10265,90.26369,1747
2025-12-03T14:45:00,90.26369,90.47811,90.18779,90.30355,2057
2025-12-03T14:50:00,90.30355,90.34402,90.24825,90.30078,2035
2025-12-03T14:55:00,90.30078,90.36167,90.11286,90.16174,2434
2025-12-03T15:00:00,90.16174,90.36246,89.92882,90.29221,1765
2025-12-03T15:05:00,90.29221,90.46541,90.17444,90.42548,2412
2025-12-03T15:10:00,90.42548,90.58135,90.42465,90.45527,1949
2025-12-03T15:15:00,90.45527,90.62598,89.95011,90.08219,1897
2025-12-03T15:20:00,90.08219,90.10304,89.97684,90.10049,2473
2025-12-03T15:25:00,90.10049,90.33873,89.99553,90.26115,2059
2025-12-03T15:30:00,90.26115,90.33807,90.14054,90.17812,1535
2025-12-03T15:35:00,90.17812,90.28626,90.14808,90.23465,2037
2025-12-03T15:40:00,90.23465,90.28596,90.23417,90.25243,2246
2025-12-03T15:45:00,90.25243,90.40578,90.23786,90.29742,1965
2025-12-03T15:50:00,90.29742,90.42897,90.25036,90.38610,1898
2025-12-03T15:55:00,90.38610,90.61212,90.38501,90.59311,1462
2025-12-03T16:00:00,90.59311,90.84915,90.54891,90.79169,1476
2025-12-03T16:05:00,90.79169,90.81964,90.57832,90.70750,2432
2025-12-03T16:10:00,90.70750,90.83697,90.64479,90.77583,2030
2025-12-03T16:15:00,90.77583,91.02642,90.59674,90.95324,2900
2025-12-03T16:20:00,90.95324,90.97427,90.86121,90.92306,178
2025-12-03T16:25:00,90.92306,91.06097,90.79649,91.00846,2055
2025-12-03T16:30:00,91.00846,91.26341,90.94739,91.25990,1850
2025-12-03T16:35:00,91.25990,91.50533,91.20315,91.43743,2054
2025-12-03T16:40:00,91.43743,91.63435,91.41892,91.53785,1653
2025-12-03T16:45:00,91.53785,91.55541,91.47855,91.51556,2517
2025-12-03T16:50:00,91.51556,91.84772,91.51478,91.77406,2684
2025-12-03T16:55:00,91.77406,91.85700,91.58967,91.71176,1987
2025-12-03T17:00:00,91.71176,91.93287,91.66300,91.77167,2375
2025-12-03T17:05:00,91.77167,91.96279,91.63472,91.86959,2782
2025-12-03T17:10:00,91.86959,92.04380,91.43751,91.63960,1949
2025-12-03T17:15:00,91.63960,91.70237,91.38955,91.49715,1706
2025-12-03T17:20:00,91.49715,91.67708,91.35802,91.56326,1893
2025-12-03T17:25:00,91.56326,91.59661,91.37446,91.43747,2328
2025-12-03T17:30:00,91.43747,91.77522,91.30216,91.70334,2272
2025-12-03T17:35:00,91.70334,92.02139,91.65655,91.99843,1508
2025-12-03T17:40:00,91.99843,92.04552,91.75742,91.87962,2536
2025-12-03T17:45:00,91.87962,92.34975,91.87781,92.13012,2978
2025-12-03T17:50:00,92.13012,92.26974,91.92132,91.99237,2238
2025-12-03T17:55:00,91.99237,92.00348,91.68464,91.78566,2391
2025-12-03T18:00:00,91.78566,91.92102,91.54887,91.58910,1835
2025-12-03T18:05:00,91.58910,91.60909,91.49568,91.50908,1727
2025-12-03T18:10:00,91.50908,91.51596,91.42882,91.45944,1858
2025-12-03T18:15:00,91.45944,91.52337,91.42704,91.49830,1695
2025-12-03T18:20:00,91.49830,91.56942,91.37925,91.54888,2145
2025-12-03T18:25:00,91.54888,91.60624,91.38691,91.49752,2262
2025-12-03T18:30:00,91.49752,91.69981,91.48366,91.64482,2110
2025-12-03T18:35:00,91.64482,91.64784,91.36612,91.48127,2215
